--删除公开课相关记录，包括 公开课，报名记录，优惠券领取记录
DELETE FROM [dbo].[Tpo_PublicClass_SignUp] where [PublicID] in ('999','1000','1001','1002');
DELETE FROM [dbo].[Tpo_Discount_Receive_Record] WHERE [UnionId] = '111  ';
DELETE FROM [dbo].[Tpo_PublicClass] WHERE  [PublicID] in ('999','1000','1001','1002');
--删除活动相关记录，包括活动，报名记录，班级，阶段
DELETE FROM [dbo].[Tpo_PublicClass_Activities] WHERE [ActivityID] in ('999','1000','1001','1002','1003','1004');
DELETE FROM [dbo].[Tpo_PublicClass_Activitity_SignUp] where [ActivityID] in ('999','1000','1001','1002','1003','1004');
DELETE FROM [dbo].[Zhan_Operation_Activities_Group] WHERE [GroupID] in ('999','1000','1001','1002','1003','1004');
DELETE FROM [dbo].[Tpo_PublicClass_Activitity_Moment] WHERE [ActivitityID] in ('999','1000','1001','1002','1003','1004');
DELETE FROM [dbo].[Tpo_PublicClass_Activities_Course] WHERE [ID] in ('999','1000','1001','1002','1003','1004');
--删除中奖记录
DELETE FROM [dbo].[Tpo_PublicClass_Activitity_Award] WHERE [ActivityID] in ('999','1000','1001','1002','1003','1004');
DELETE FROM [dbo].[Tpo_PublicClass_Activitity_Award_Record] WHERE [ActivityID] in ('999','1000','1001','1002','1003','1004');
--删除活动答题记录
DELETE FROM [dbo].[Zhan_Operation_Activities_Work] WHERE [ActivityID] in ('999','1000','1001','1002','1003','1004');
--删除用户的积分记录
DELETE FROM [dbo].[Zhan_Operation_Points_TaskRecord] WHERE [PassportId] in ('1863271','7553767');
DELETE FROM [dbo].[Zhan_Operation_Points_Tracing] WHERE [PassportId] in ('1863271','7553767');
--删除用户数据
DELETE FROM [dbo].[Tpo_PublicClass_SignUp_Users] WHERE [signupuserid] in ('19710','21905','21915');
--删除用户提问相关数据
DELETE FROM [dbo].[Zhan_Operation_Question_Label] WHERE [ActivityID] in ('999','1000');
DELETE FROM [dbo].[Zhan_Operation_User_Question] WHERE [ActivityID] in ('999','1000');
DELETE FROM [dbo].[Zhan_Operation_User_Question] WHERE [PassportId] in ('1863271');
DELETE FROM [dbo].[Zhan_Operation_User_Question] WHERE [ID] in ('999','1000');
DELETE FROM [dbo].[Zhan_Operation_Question_Follow] WHERE [PassportId] in ('1863271');

--基础数据
--新建3个公开课:1000--正在直播，1001--明天直播，1002--已结束
SET IDENTITY_INSERT [dbo].[Tpo_PublicClass] ON
INSERT INTO [dbo].[Tpo_PublicClass] ([PublicID], [PublicTitle], [Description], [PublicCategory], [PublicType], [PublicSubType], [TeacherID], [WebCastId], [AssistantJoinUrl], [OrganizerJoinUrl], [AttendeeJoinUrl], [AttendeeViewUrl], [StartTime], [EndTime], [CreateTime], [CreatedBy], [UpdateTime], [UpdatedBy], [IsDeleted], [QRCodeUrl], [AdvertisingPositionUrl], [SignUpLevel], [BigPhotoUrl], [ShowInPublic], [SaleKeyWords]) VALUES (N'1000', N'ToeflTest', N'托福公开课测试', N'0', N'2', N'250', N'1856', N'50f8d1a06d7a4e86a5ec07e94670e91e', N'', N'', N'', N'', CONVERT(varchar,dateadd(hour,-1,GETDATE()),120), CONVERT(varchar,dateadd(hour,5,GETDATE()),120), N'2016-12-07 15:51:36.017', N'1', N'2016-12-07 16:08:05.787', N'1', N'0', null, N'4adb77f584bf4ae5ad5c40a1cc1ab71e20161207160804413', N'0', null, N'1', null)
INSERT INTO [dbo].[Tpo_PublicClass] ([PublicID], [PublicTitle], [Description], [PublicCategory], [PublicType], [PublicSubType], [TeacherID], [WebCastId], [AssistantJoinUrl], [OrganizerJoinUrl], [AttendeeJoinUrl], [AttendeeViewUrl], [StartTime], [EndTime], [CreateTime], [CreatedBy], [UpdateTime], [UpdatedBy], [IsDeleted], [QRCodeUrl], [AdvertisingPositionUrl], [SignUpLevel], [BigPhotoUrl], [ShowInPublic], [SaleKeyWords]) VALUES (N'1001', N'IeltsTest', N'雅思公开课测试', N'1', N'3', N'256', N'1856', N'50f8d1a06d7a4e86a5ec07e94670e91e', N'', N'', N'', N'', CONVERT(varchar,dateadd(day,1,GETDATE()),120), CONVERT(varchar,dateadd(day,2,GETDATE()),120), N'2016-12-07 15:51:36.017', N'1', N'2016-12-07 16:08:05.787', N'1', N'0', null, N'4adb77f584bf4ae5ad5c40a1cc1ab71e20161207160804413', N'0', null, N'1', null)
INSERT INTO [dbo].[Tpo_PublicClass] ([PublicID], [PublicTitle], [Description], [PublicCategory], [PublicType], [PublicSubType], [TeacherID], [WebCastId], [AssistantJoinUrl], [OrganizerJoinUrl], [AttendeeJoinUrl], [AttendeeViewUrl], [StartTime], [EndTime], [CreateTime], [CreatedBy], [UpdateTime], [UpdatedBy], [IsDeleted], [QRCodeUrl], [AdvertisingPositionUrl], [SignUpLevel], [BigPhotoUrl], [ShowInPublic], [SaleKeyWords]) VALUES (N'1002', N'EndTest', N'公开课结束测试', N'0', N'3', N'256', N'1856', N'50f8d1a06d7a4e86a5ec07e94670e91e', N'', N'', N'', N'', '2017-12-07 12:00:00.017', '2017-12-07 15:00:00.017', N'2016-12-07 15:51:36.017', N'1', N'2016-12-07 16:08:05.787', N'1', N'0', null, N'4adb77f584bf4ae5ad5c40a1cc1ab71e20161207160804413', N'0', null, N'1', null)
SET IDENTITY_INSERT [dbo].[Tpo_PublicClass] OFF
--新建几个活动1000：托福活动-已开始，1001：雅思活动-未开始已开始报名，1002：托福活动-未开始未开始报名,1003:托福已结束，1004，雅思已开始
SET IDENTITY_INSERT [dbo].[Tpo_PublicClass_Activities] ON
INSERT INTO [dbo].[Tpo_PublicClass_Activities] ([ActivityID], [ActivityTitle], [ActivityDescription], [SignUpExpectCount], [SignUpActualCount], [StartTime], [EndTime], [CreateTime], [CreatedBy], [UpdateTime], [UpdatedBy], [IsDeleted], [LinkUrl], [ActivityCategory], [ActivityShortDescription], [ActivityTip], [CoverImageUrl], [ActivityType], [AdvertiseStartTime], [AdvertiseEndTime], [AssistentWechatID], [CheckCode], [TeacherIds], [QRCodeUrl], [BindAccountUrl], [ActivityItem], [ActivityLabel], [SuitCrowds], [SolveProblems], [RecruitVideo], [RecruitImage], [OpeningVideo], [OpeningImage],[ActivitySort]) VALUES (N'1000', N'ToeflTest', N'托福活动-已开始已报名', N'3000', N'12',CONVERT(varchar,dateadd(day,-1,GETDATE()),120), CONVERT(varchar,dateadd(day,5,GETDATE()),120), N'2018-02-05 16:40:51.390', N'1', N'2018-02-07 10:55:10.120', N'1', N'0', null, N'2', N'活动短描述', N'入群须知测试123', N'59e98ae765144f38b5221d99bc92bbd820180205164128764', N'9982', CONVERT(varchar,dateadd(day,-15,GETDATE()),120), CONVERT(varchar,dateadd(day,-5,GETDATE()),120), N'7', N'测试', N'488', null, N'3197558d421649b0ac0333331dea9db620180207105510', N'9901', null, N'目标,渴望老师指导', N'不懂评分标准,题型区分不清,语法错误太多', N'892db97b11d50e2c099b4c6964ccbe60', N'bc8f2887f2d1c55a3f5f3dd3f16fdd0e', null, null,1)
INSERT INTO [dbo].[Tpo_PublicClass_Activities] ([ActivityID], [ActivityTitle], [ActivityDescription], [SignUpExpectCount], [SignUpActualCount], [StartTime], [EndTime], [CreateTime], [CreatedBy], [UpdateTime], [UpdatedBy], [IsDeleted], [LinkUrl], [ActivityCategory], [ActivityShortDescription], [ActivityTip], [CoverImageUrl], [ActivityType], [AdvertiseStartTime], [AdvertiseEndTime], [AssistentWechatID], [CheckCode], [TeacherIds], [QRCodeUrl], [BindAccountUrl], [ActivityItem], [ActivityLabel], [SuitCrowds], [SolveProblems], [RecruitVideo], [RecruitImage], [OpeningVideo], [OpeningImage],[ActivitySort]) VALUES (N'1001', N'IeltsTest1', N'雅思活动-未开始已报名', N'3000', N'12', CONVERT(varchar,dateadd(day,10,GETDATE()),120), CONVERT(varchar,dateadd(day,25,GETDATE()),120), N'2018-02-05 16:40:51.390', N'1', N'2018-02-07 10:55:10.120', N'1', N'0', null, N'3', N'活动短描述', N'入群须知测试123', N'59e98ae765144f38b5221d99bc92bbd820180205164128764', N'9982', CONVERT(varchar,dateadd(day,-10,GETDATE()),120), CONVERT(varchar,dateadd(day,5,GETDATE()),120), N'7', N'测试', N'1359', null, N'3197558d421649b0ac0333331dea9db620180207105510', N'9911', null, N'目标', N'不懂评分标准,题型区分不清', N'892db97b11d50e2c099b4c6964ccbe60', N'bc8f2887f2d1c55a3f5f3dd3f16fdd0e', null, null,1)
INSERT INTO [dbo].[Tpo_PublicClass_Activities] ([ActivityID], [ActivityTitle], [ActivityDescription], [SignUpExpectCount], [SignUpActualCount], [StartTime], [EndTime], [CreateTime], [CreatedBy], [UpdateTime], [UpdatedBy], [IsDeleted], [LinkUrl], [ActivityCategory], [ActivityShortDescription], [ActivityTip], [CoverImageUrl], [ActivityType], [AdvertiseStartTime], [AdvertiseEndTime], [AssistentWechatID], [CheckCode], [TeacherIds], [QRCodeUrl], [BindAccountUrl], [ActivityItem], [ActivityLabel], [SuitCrowds], [SolveProblems], [RecruitVideo], [RecruitImage], [OpeningVideo], [OpeningImage],[ActivitySort]) VALUES (N'1002', N'ToeflTest1', N'托福活动-未开始未报名', N'3000', N'12', CONVERT(varchar,dateadd(day,10,GETDATE()),120), CONVERT(varchar,dateadd(day,25,GETDATE()),120), N'2018-02-05 16:40:51.390', N'1', N'2018-02-07 10:55:10.120', N'1', N'0', null, N'2', N'活动短描述', N'入群须知测试123', N'59e98ae765144f38b5221d99bc92bbd820180205164128764', N'9982', CONVERT(varchar,dateadd(day,-10,GETDATE()),120), CONVERT(varchar,dateadd(day,5,GETDATE()),120), N'7', N'测试', N'488', null, N'3197558d421649b0ac0333331dea9db620180207105510', N'9902', null, N'目标6', N'不懂评分标准,题型区分不清', N'892db97b11d50e2c099b4c6964ccbe60', N'bc8f2887f2d1c55a3f5f3dd3f16fdd0e', null, null,1)
INSERT INTO [dbo].[Tpo_PublicClass_Activities] ([ActivityID], [ActivityTitle], [ActivityDescription], [SignUpExpectCount], [SignUpActualCount], [StartTime], [EndTime], [CreateTime], [CreatedBy], [UpdateTime], [UpdatedBy], [IsDeleted], [LinkUrl], [ActivityCategory], [ActivityShortDescription], [ActivityTip], [CoverImageUrl], [ActivityType], [AdvertiseStartTime], [AdvertiseEndTime], [AssistentWechatID], [CheckCode], [TeacherIds], [QRCodeUrl], [BindAccountUrl], [ActivityItem], [ActivityLabel], [SuitCrowds], [SolveProblems], [RecruitVideo], [RecruitImage], [OpeningVideo], [OpeningImage],[ActivitySort]) VALUES (N'1003', N'ToeflTest2', N'托福活动-已结束', N'3000', N'12', CONVERT(varchar,dateadd(day,-20,GETDATE()),120), CONVERT(varchar,dateadd(day,-10,GETDATE()),120), N'2018-02-05 16:40:51.390', N'1', N'2018-02-07 10:55:10.120', N'1', N'0', null, N'2', N'活动短描述', N'入群须知测试123', N'59e98ae765144f38b5221d99bc92bbd820180205164128764', N'9982', CONVERT(varchar,dateadd(day,-30,GETDATE()),120), CONVERT(varchar,dateadd(day,-15,GETDATE()),120), N'7', N'测试', N'488', null, N'3197558d421649b0ac0333331dea9db620180207105510', N'9902', null, N'目标6', N'不懂评分标准,题型区分不清', N'892db97b11d50e2c099b4c6964ccbe60', N'bc8f2887f2d1c55a3f5f3dd3f16fdd0e', null, null,1)
INSERT INTO [dbo].[Tpo_PublicClass_Activities] ([ActivityID], [ActivityTitle], [ActivityDescription], [SignUpExpectCount], [SignUpActualCount], [StartTime], [EndTime], [CreateTime], [CreatedBy], [UpdateTime], [UpdatedBy], [IsDeleted], [LinkUrl], [ActivityCategory], [ActivityShortDescription], [ActivityTip], [CoverImageUrl], [ActivityType], [AdvertiseStartTime], [AdvertiseEndTime], [AssistentWechatID], [CheckCode], [TeacherIds], [QRCodeUrl], [BindAccountUrl], [ActivityItem], [ActivityLabel], [SuitCrowds], [SolveProblems], [RecruitVideo], [RecruitImage], [OpeningVideo], [OpeningImage],[ActivitySort]) VALUES (N'1004', N'IeltsTest', N'雅思活动-已开始已报名', N'3000', N'12', CONVERT(varchar,dateadd(day,-1,GETDATE()),120), CONVERT(varchar,dateadd(day,5,GETDATE()),120), N'2018-02-05 16:40:51.390', N'1', N'2018-02-07 10:55:10.120', N'1', N'0', null, N'3', N'活动短描述', N'入群须知测试123', N'59e98ae765144f38b5221d99bc92bbd820180205164128764', N'9982', CONVERT(varchar,dateadd(day,-15,GETDATE()),120), CONVERT(varchar,dateadd(day,-5,GETDATE()),120), N'7', N'测试', N'1359', null, N'3197558d421649b0ac0333331dea9db620180207105510', N'9911', null, N'目标渴望老师指导', N'不懂评分标准,题型区分不清,语法错误太多', N'892db97b11d50e2c099b4c6964ccbe60', N'bc8f2887f2d1c55a3f5f3dd3f16fdd0e', null, null,1)
SET IDENTITY_INSERT [dbo].[Tpo_PublicClass_Activities] OFF
--19710报名活动1000，然后绑定了1000下的班级,写过晋级表单，晋级到第一阶段
--19710报名活动1001，1002，1003
INSERT INTO [dbo].[Tpo_PublicClass_Activitity_SignUp] ([ActivityID], [ChannelCode], [CreatedBy], [CreateTime], [SignUpUserID], [IsAudit], [TimeStamp], [GroupName], [GroupNickName], [MomentID], [Moment], [CheckinCount], [HomeworkCount], [HomeworkAccuracy], [PromotionCount]) VALUES (N'1000', N'LY2016111506', N'1', N'2017-01-07 16:20:57.000', N'19710', N'1', DEFAULT, N'活动微信群', N'testName', 1000, N'第1阶段', null, null, null, null)
INSERT INTO [dbo].[Tpo_PublicClass_Activitity_SignUp] ([ActivityID], [ChannelCode], [CreatedBy], [CreateTime], [SignUpUserID], [IsAudit], [TimeStamp], [GroupName], [GroupNickName], [MomentID], [Moment], [CheckinCount], [HomeworkCount], [HomeworkAccuracy], [PromotionCount]) VALUES (N'1001', N'LY2016111506', N'1', N'2017-01-07 16:20:57.000', N'19710', N'1', DEFAULT, N'', N'', null, null, null, null, null, null)
INSERT INTO [dbo].[Tpo_PublicClass_Activitity_SignUp] ([ActivityID], [ChannelCode], [CreatedBy], [CreateTime], [SignUpUserID], [IsAudit], [TimeStamp], [GroupName], [GroupNickName], [MomentID], [Moment], [CheckinCount], [HomeworkCount], [HomeworkAccuracy], [PromotionCount]) VALUES (N'1002', N'LY2016111506', N'1', N'2017-01-07 16:20:57.000', N'19710', N'1', DEFAULT, N'', N'', null, null, null, null, null, null)
INSERT INTO [dbo].[Tpo_PublicClass_Activitity_SignUp] ([ActivityID], [ChannelCode], [CreatedBy], [CreateTime], [SignUpUserID], [IsAudit], [TimeStamp], [GroupName], [GroupNickName], [MomentID], [Moment], [CheckinCount], [HomeworkCount], [HomeworkAccuracy], [PromotionCount]) VALUES (N'1003', N'LY2016111506', N'1', N'2017-01-07 16:20:57.000', N'19710', N'1', DEFAULT, N'', N'', null, null, null, null, null, null)
--21905报名活动1000
INSERT INTO [dbo].[Tpo_PublicClass_Activitity_SignUp] ([ActivityID], [ChannelCode], [CreatedBy], [CreateTime], [SignUpUserID], [IsAudit], [TimeStamp], [GroupName], [GroupNickName], [MomentID], [Moment], [CheckinCount], [HomeworkCount], [HomeworkAccuracy], [PromotionCount]) VALUES (N'1000', N'LY2016111506', N'1', N'2017-01-07 16:20:57.000', N'21905', N'1', DEFAULT, N'', N'', null, null, null, null, null, null)
--19710,21905报名1000的公开课
INSERT INTO [dbo].[Tpo_PublicClass_SignUp] ([PublicID], [SignUpUserID], [ChannelCode], [IsSendMsg], [CreateTime], [CreatedBy], [TimeStamp]) VALUES (N'1000', N'19710', N'LY2016111506', N'0', N'2016-12-07 14:49:28.767', N'1', DEFAULT)
INSERT INTO [dbo].[Tpo_PublicClass_SignUp] ([PublicID], [SignUpUserID], [ChannelCode], [IsSendMsg], [CreateTime], [CreatedBy], [TimeStamp]) VALUES (N'1000', N'21905', N'LY2016111506', N'0', N'2016-12-07 14:49:28.767', N'1', DEFAULT)
--新建活动的班级,1000有两个班级
SET IDENTITY_INSERT [dbo].[Zhan_Operation_Activities_Group] ON
INSERT INTO [dbo].[Zhan_Operation_Activities_Group] ([GroupID], [GroupName], [ActivityID], [LinkUrlDivideClass], [LinkUrlSignIn], [DepartmentId], [Remark], [IsDeleted], [CreateTime], [CreatedBy], [UpdateTime], [UpdatedBy], [TimeStamp]) VALUES (N'1000', N'活动微信群', N'1000', N'http://testDivideClassLink.com/?ActivityID=11414&GroupID=1', N'http://testSignInLink.com/?ActivityID=11414&GroupID=1', N'10149', N'Group_Vincent', N'0', N'2018-02-28 17:29:13.540', N'1', N'2018-02-28 17:29:13.540', N'1', DEFAULT);
INSERT INTO [dbo].[Zhan_Operation_Activities_Group] ([GroupID], [GroupName], [ActivityID], [LinkUrlDivideClass], [LinkUrlSignIn], [DepartmentId], [Remark], [IsDeleted], [CreateTime], [CreatedBy], [UpdateTime], [UpdatedBy], [TimeStamp]) VALUES (N'1002', N'活动微信群1', N'1000', N'http://testDivideClassLink.com/?ActivityID=11414&GroupID=1', N'http://testSignInLink.com/?ActivityID=11414&GroupID=1', N'10149', N'Group_Vincent', N'0', N'2018-02-28 17:29:13.540', N'1', N'2018-02-28 17:29:13.540', N'1', DEFAULT);
INSERT INTO [dbo].[Zhan_Operation_Activities_Group] ([GroupID], [GroupName], [ActivityID], [LinkUrlDivideClass], [LinkUrlSignIn], [DepartmentId], [Remark], [IsDeleted], [CreateTime], [CreatedBy], [UpdateTime], [UpdatedBy], [TimeStamp]) VALUES (N'1001', N'活动测试群2', N'1001', N'http://testDivideClassLink.com/?ActivityID=11414&GroupID=1', N'http://testSignInLink.com/?ActivityID=11414&GroupID=1', N'10149', N'Group_Vincent', N'0', N'2018-02-28 17:29:13.540', N'1', N'2018-02-28 17:29:13.540', N'1', DEFAULT);
INSERT INTO [dbo].[Zhan_Operation_Activities_Group] ([GroupID], [GroupName], [ActivityID], [LinkUrlDivideClass], [LinkUrlSignIn], [DepartmentId], [Remark], [IsDeleted], [CreateTime], [CreatedBy], [UpdateTime], [UpdatedBy], [TimeStamp]) VALUES (N'1003', N'活动测试群3', N'1003', N'http://testDivideClassLink.com/?ActivityID=11414&GroupID=1', N'http://testSignInLink.com/?ActivityID=11414&GroupID=1', N'10149', N'Group_Vincent', N'0', N'2018-02-28 17:29:13.540', N'1', N'2018-02-28 17:29:13.540', N'1', DEFAULT);
INSERT INTO [dbo].[Zhan_Operation_Activities_Group] ([GroupID], [GroupName], [ActivityID], [LinkUrlDivideClass], [LinkUrlSignIn], [DepartmentId], [Remark], [IsDeleted], [CreateTime], [CreatedBy], [UpdateTime], [UpdatedBy], [TimeStamp]) VALUES (N'1004', N'活动微信群4', N'1004', N'http://testDivideClassLink.com/?ActivityID=11414&GroupID=1', N'http://testSignInLink.com/?ActivityID=11414&GroupID=1', N'10149', N'Group_Vincent', N'0', N'2018-02-28 17:29:13.540', N'1', N'2018-02-28 17:29:13.540', N'1', DEFAULT);
SET IDENTITY_INSERT [dbo].[Zhan_Operation_Activities_Group] OFF
--活动1000下新增阶段
--INSERT INTO [dbo].[Tpo_PublicClass_Activitity_Moment] ([ActivitityId], [BeginDate], [EndDate], [MomentDescription], [ReachHomeworkTimes], [HasPromotionForm], [SignClockCount]) VALUES (N'1000', CONVERT(varchar,dateadd(day,0,GETDATE()),23),CONVERT(varchar,dateadd(day,0,GETDATE()),23), null, N'0', N'1', N'0')
--活动奖品列表
SET IDENTITY_INSERT [dbo].[Tpo_PublicClass_Activitity_Award] ON
INSERT INTO [dbo].[Tpo_PublicClass_Activitity_Award] ([AwardId],[AwardName], [AwardWorth], [AwardChance], [AwardCount], [LotteryCount], [AwardImage], [ActivityId], [IsDefault], [CreateTime], [CreateBy], [UpdateTime], [UpdateBy], [IsDelete]) VALUES (N'1000', N'谢谢惠顾', N'0', N'99.00', N'99999', N'4', N'24649a46bd63473bae1e45110787a1e020170807112718133', N'1000', N'1', N'2017-12-23 14:13:24.240', N'1', N'2017-12-31 22:50:02.610', N'1', N'0')
INSERT INTO [dbo].[Tpo_PublicClass_Activitity_Award] ([AwardId],[AwardName], [AwardWorth], [AwardChance], [AwardCount], [LotteryCount], [AwardImage], [ActivityId], [IsDefault], [CreateTime], [CreateBy], [UpdateTime], [UpdateBy], [IsDelete]) VALUES (N'1001', N'一等奖', N'100', N'1.00', N'1', N'4', N'24649a46bd63473bae1e45110787a1e020170807112718133', N'1000', N'0', N'2017-12-23 14:13:24.240', N'1', N'2017-12-31 22:50:02.610', N'1', N'0')
SET IDENTITY_INSERT [dbo].[Tpo_PublicClass_Activitity_Award] OFF
--用户中奖记录
INSERT INTO [dbo].[Tpo_PublicClass_Activitity_Award_Record] ([AwardId], [SignUpUserId], [ActivityId], [CreateTime], [CreateBy]) VALUES (N'1000', N'19710', N'1000', N'2017-08-30 13:55:05.900', N'1')
INSERT INTO [dbo].[Tpo_PublicClass_Activitity_Award_Record] ([AwardId], [SignUpUserId], [ActivityId], [CreateTime], [CreateBy]) VALUES (N'1001', N'19710', N'1000', N'2017-08-30 13:55:05.900', N'1')
--活动阶段
SET IDENTITY_INSERT [dbo].[Tpo_PublicClass_Activitity_Moment] ON
INSERT INTO [dbo].[Tpo_PublicClass_Activitity_Moment] ([MomentId], [ActivitityId], [BeginDate], [EndDate], [MomentDescription], [ReachHomeworkTimes], [HasPromotionForm], [SignClockCount]) VALUES ( N'1000', N'1000', CONVERT(varchar,dateadd(day,0,GETDATE()),23), CONVERT(varchar,dateadd(day,2,GETDATE()),23), null, 0, 0, 0)
INSERT INTO [dbo].[Tpo_PublicClass_Activitity_Moment] ([MomentId], [ActivitityId], [BeginDate], [EndDate], [MomentDescription], [ReachHomeworkTimes], [HasPromotionForm], [SignClockCount]) VALUES ( N'1001', N'1001', CONVERT(varchar,dateadd(day,0,GETDATE()),23), CONVERT(varchar,dateadd(day,2,GETDATE()),23), null, 0, 0, 0)
SET IDENTITY_INSERT [dbo].[Tpo_PublicClass_Activitity_Moment] OFF
--作业数据
SET IDENTITY_INSERT [dbo].[Tpo_PublicClass_Activities_Course] ON
INSERT INTO [Zhan_PublicClass].[dbo].[Tpo_PublicClass_Activities_Course] ([ID],[ActivityID], [CourseType], [StartTime], [EndTime], [VideoUrl], [VideoID], [CreateTime], [CreatedBy], [CourseCommand]) VALUES (N'1000',N'1000', N'5', CONVERT(varchar,dateadd(day,0,GETDATE()),23) + ' 00:00:00.000', CONVERT(varchar,dateadd(day,0,GETDATE()),23) + ' 23:59:00.000', NULL, NULL, '2018-04-17 10:49:59.277', '1', N'小站1856');
SET IDENTITY_INSERT [dbo].[Tpo_PublicClass_Activities_Course] OFF
--用户数据
SET IDENTITY_INSERT [dbo].[Tpo_PublicClass_SignUp_Users] ON
INSERT INTO [dbo].[Tpo_PublicClass_SignUp_Users] ([signupuserid], [passportid], [unionid], [openid], [province], [city], [sex], [country], [language], [headimgurl], [subscribe_time], [remark], [groupid], [qq], [mobile], [createtime], [createdby], [nickname], [TrueName], [WechatID], [Guid], [CallPhoneStatus], [ClassIntention], [ClassConsultant], [Grade], [ExamDate], [TimeStamp], [AssistentId], [passportname], [RegSource], [subscribe_time_count], [IncomingNum], [SignPublicClass]) VALUES (N'19710', N'1863271', N'olErev3DmPpgdDMktOmX_3V0R_zg', N'ocNX0jiQi0yMqTLFIKqjG_Z-v8CM', N'上海', N'浦东新区', N'1', N'中国', N'zh_CN', N'http://thirdwx.qlogo.cn/mmopen/vi_32/Q0j4TwGTfTJKf4oDHVEb7ibCBRSibVj7dDJ89lbpU6HcVPH8icfNXlZXxzwicm2iclCqD7iae7SLwIcdMUYciaKy8tjWg/132', N'9816', N'true', null, N'2342342', N'u8NedbU.LFzdvNbT7+CLkrmm', N'2018-01-03 16:52:41.383', N'1', N'梁旭清', null, N'234555', N'fe0e1cfe-445d-4bb7-8874-7fe0f13d3ff1', null, null, null, N'A', N'2018-01-20', DEFAULT, N'1', N'passport_2567464390', N'PC', null, null, null)
INSERT INTO [dbo].[Tpo_PublicClass_SignUp_Users] ([signupuserid], [passportid], [unionid], [openid], [province], [city], [sex], [country], [language], [headimgurl], [subscribe_time], [remark], [groupid], [qq], [mobile], [createtime], [createdby], [nickname], [TrueName], [WechatID], [Guid], [CallPhoneStatus], [ClassIntention], [ClassConsultant], [Grade], [ExamDate], [TimeStamp], [AssistentId], [passportname], [RegSource], [subscribe_time_count], [IncomingNum], [SignPublicClass]) VALUES (N'21905', N'7553767', N'olErev3DmPpgdDMktOmX_3V0R_zz', N'ocNX0jiQi0yMqTLFIKqjG_Z-1111', N'上海', N'浦东新区', N'1', N'中国', N'zh_CN', N'http://thirdwx.qlogo.cn/mmopen/vi_32/Q0j4TwGTfTJKf4oDHVEb7ibCBRSibVj7dDJ89lbpU6HcVPH8icfNXlZXxzwicm2iclCqD7iae7SLwIcdMUYciaKy8tjWg/132', N'9816', N'true', null, N'2342342', N'u8NedbU.LFzdvNbT7+CLkrmm', N'2018-01-03 16:52:41.383', N'1', N'梁旭清', null, N'234555', N'fe0e1cfe-445d-4bb7-8874-7fe0f13d3ff1', null, null, null, N'A', N'2018-01-20', DEFAULT, N'1', N'passport_2567464390', N'PC', null, null, null)
INSERT INTO [dbo].[Tpo_PublicClass_SignUp_Users] ([signupuserid], [passportid], [unionid], [openid], [province], [city], [sex], [country], [language], [headimgurl], [subscribe_time], [remark], [groupid], [qq], [mobile], [createtime], [createdby], [nickname], [TrueName], [WechatID], [Guid], [CallPhoneStatus], [ClassIntention], [ClassConsultant], [Grade], [ExamDate], [TimeStamp], [AssistentId], [passportname], [RegSource], [subscribe_time_count], [IncomingNum], [SignPublicClass]) VALUES (N'21915', N'7553775', N'olErev3DmPpgdDMktOmX_3V0R_z2', N'ocNX0jiQi0yMqTLFIKqjG_Z-2222', N'上海', N'浦东新区', N'1', N'中国', N'zh_CN', N'http://thirdwx.qlogo.cn/mmopen/vi_32/Q0j4TwGTfTJKf4oDHVEb7ibCBRSibVj7dDJ89lbpU6HcVPH8icfNXlZXxzwicm2iclCqD7iae7SLwIcdMUYciaKy8tjWg/132', N'2018-03-08 18:09:42', N'sample string 14', NULL, N'23423', N'13500001112', '2018-02-02 16:49:10.707', '1', N'dbx3519765', NULL, N'sample string 21', N'2faeecc0-00e0-45df-a65a-56c917ea9e32', NULL, NULL, NULL, NULL, NULL, DEFAULT, '1', N'passport_3451032170', NULL, NULL, NULL, NULL);
SET IDENTITY_INSERT [dbo].[Tpo_PublicClass_SignUp_Users] OFF
--用户提问相关数据
INSERT INTO [Zhan_PublicClass].[dbo].[Zhan_Operation_Question_Label] ([Name], [ActivityId], [CreateTime], [CreateBy], [UpdateTime], [UpdateBy], [IsDeleted]) VALUES (N'作业', '1000', '2018-05-07 13:48:21.413', '1', '2018-05-07 13:48:21.413', '1', '0');
SET IDENTITY_INSERT [dbo].[Zhan_Operation_User_Question] ON
INSERT INTO [Zhan_PublicClass].[dbo].[Zhan_Operation_User_Question] ([Id], [CourseId], [ActivityId], [SignUpUserId], [PassportId], [QuestionCategory], [QuertionContent], [QuestionLabel], [Followers], [HasHitKeyWord], [HitKeyWords], [IsDeleted], [CreateTime], [UpdateTime], [HomeworkIndex], [MomentIndex]) VALUES ('1000', '1000', '1000', '19710', N'1863271', '1', N'你是', N'24,25,29', '0', '0', N'', '0', '2018-05-15 19:28:05.637', '2018-05-15 19:28:05.637', '1', '1');
SET IDENTITY_INSERT [dbo].[Zhan_Operation_User_Question] OFF